onset	duration	trial_type
0	0	Stimulus
4.58995067877058	0	Stimulus
9.20165642296378	0	Stimulus
13.8379489719021	0	Stimulus
19.0166012767023	0	Stimulus
24.0117782957919	0	Stimulus
28.7014887018095	0	Stimulus
33.6964945267997	0	Stimulus
38.3441027487764	0	Stimulus
42.8990768956826	0	Stimulus
