onset	duration	event_id
0	0	spTMS
4.90391214558811	0	spTMS
9.5003666707565	0	spTMS
14.1323399633628	0	SICI
19.5743905541383	0	SICI
25.0305250943681	0	SICI
30.1057336894466	0	SICI
34.6655132323937	0	spTMS
39.4002931457662	0	SICI
44.2534517169882	0	spTMS
