onset	duration	event_id
0	0	spTMS
4.99086409246808	0	spTMS
9.9801167308681	0	spTMS
14.8178361406895	0	spTMS
20.2178899871071	0	spTMS
