onset	duration	trial_type	stim_id
0	0	Stimulus	marker1.1
4.58995067877058	0	Stimulus	marker1.2
9.20165642296378	0	Stimulus	marker1.3
13.8379489719021	0	Stimulus	marker1.4
19.0166012767023	0	Stimulus	marker1.5
24.0117782957919	0	Stimulus	marker1.6
28.7014887018095	0	Stimulus	marker1.7
33.6964945267997	0	Stimulus	marker1.8
38.3441027487764	0	Stimulus	marker1.9
42.8990768956826	0	Stimulus	marker1.10
